ID_pedido,Fecha_pedido,Fecha_picking,Fecha_factura,Fecha_entrega
1,2023-07-14,2023-07-18,2023-07-20,2023-07-21
2,2021-03-03,2021-03-04,2021-03-05,2021-03-08
3,2020-03-31,2020-04-03,2020-04-03,2020-04-10
4,2020-11-06,2020-11-09,2020-11-09,2020-11-17
5,2022-07-27,2022-07-29,2022-07-30,2022-08-02
6,2020-10-30,2020-11-03,2020-11-04,2020-11-04
7,2023-05-22,2023-05-24,2023-05-25,2023-05-31
8,2021-06-22,2021-06-25,2021-06-27,2021-07-03
9,2020-03-15,2020-03-16,2020-03-18,2020-03-18
10,2021-05-15,2021-05-18,2021-05-20,2021-05-25
11,2021-04-13,2021-04-13,2021-04-13,2021-04-20
12,2022-07-31,2022-08-01,2022-08-02,2022-08-05
13,2021-01-11,2021-01-13,2021-01-13,2021-01-16
14,2023-05-02,2023-05-04,2023-05-05,2023-05-11
15,2021-05-01,2021-05-04,2021-05-06,2021-05-07
16,2022-07-04,2022-07-05,2022-07-07,2022-07-15
17,2020-05-23,2020-05-26,2020-05-27,2020-05-28
18,2023-04-07,2023-04-09,2023-04-09,2023-04-10
19,2021-01-10,2021-01-14,2021-01-16,2021-01-21
20,2022-12-13,2022-12-14,2022-12-14,2022-12-16
21,2022-01-21,2022-01-24,2022-01-24,2022-01-25
22,2021-01-24,2021-01-24,2021-01-24,2021-01-24
23,2021-02-21,2021-02-22,2021-02-24,2021-02-27
24,2020-07-13,2020-07-14,2020-07-16,2020-07-18
25,2020-10-04,2020-10-04,2020-10-05,2020-10-12
26,2022-09-05,2022-09-08,2022-09-08,2022-09-10
27,2023-06-14,2023-06-17,2023-06-18,2023-06-25
28,2021-06-15,2021-06-18,2021-06-19,2021-06-26
29,2020-09-04,2020-09-05,2020-09-06,2020-09-09
30,2021-07-19,2021-07-21,2021-07-21,2021-07-26
31,2021-03-12,2021-03-15,2021-03-17,2021-03-25
32,2020-01-20,2020-01-22,2020-01-22,2020-01-29
33,2021-03-23,2021-03-23,2021-03-25,2021-03-29
34,2022-03-24,2022-03-27,2022-03-29,2022-04-06
35,2023-04-07,2023-04-07,2023-04-09,2023-04-12
36,2023-02-28,2023-03-02,2023-03-02,2023-03-04
37,2020-11-16,2020-11-17,2020-11-18,2020-11-21
38,2022-03-25,2022-03-27,2022-03-29,2022-04-02
39,2023-08-17,2023-08-19,2023-08-20,2023-08-23
40,2023-08-01,2023-08-01,2023-08-01,2023-08-05
41,2022-08-24,,2022-08-29,2022-08-31
42,2022-10-01,2022-10-02,2022-10-02,2022-10-09
43,2020-11-23,2020-11-24,2020-11-25,2020-11-25
44,2020-06-29,2020-06-30,2020-07-01,2020-07-01
45,2023-04-17,2023-04-20,2023-04-21,2023-04-24
46,2023-02-19,2023-02-23,2023-02-23,2023-02-28
47,2022-11-10,2022-11-13,2022-11-14,2022-11-22
48,2021-02-23,2021-02-25,2021-02-26,2021-03-02
49,2021-11-06,2021-11-06,2021-11-06,2021-11-07
50,2022-07-05,2022-07-08,2022-07-09,2022-07-14
51,2022-06-26,2022-06-29,2022-06-30,2022-07-07
52,2020-10-27,2020-10-27,2020-10-29,2020-10-31
53,2023-01-29,2023-01-29,2023-01-31,2023-02-06
54,2021-12-22,2021-12-22,2021-12-24,2021-12-29
55,2021-11-15,2021-11-15,2021-11-16,2021-11-22
56,2023-01-29,2023-02-01,2023-02-02,2023-02-02
57,2021-10-18,2021-10-21,2021-10-23,2021-10-29
58,2023-08-26,2023-08-29,2023-08-31,2023-09-08
59,2023-12-12,2023-12-15,2023-12-16,2023-12-21
60,2020-09-15,2020-09-15,2020-09-15,2020-09-16
61,2022-05-11,2022-05-13,2022-05-14,2022-05-16
62,2020-11-14,2020-11-15,2020-11-17,2020-11-25
63,2020-10-20,2020-10-20,2020-10-21,2020-10-29
64,2023-06-23,2023-06-23,2023-06-23,2023-06-28
65,2020-06-02,2020-06-03,2020-06-03,2020-06-11
66,2021-05-02,2021-05-03,2021-05-03,2021-05-11
67,2022-11-30,2022-12-02,2022-12-02,2022-12-04
68,2022-04-03,2022-04-04,2022-04-04,2022-04-06
69,2023-01-28,2023-01-29,2023-01-31,
70,2022-07-12,2022-07-13,2022-07-15,2022-07-21
71,2023-03-05,2023-03-09,2023-03-09,2023-03-17
72,2020-05-27,2020-05-27,2020-05-28,2020-05-29
73,2023-04-01,2023-04-04,2023-04-06,2023-04-14
74,2023-02-08,2023-02-11,2023-02-11,2023-02-16
75,2023-03-31,2023-04-01,2023-04-03,2023-04-08
76,2022-01-29,2022-01-30,2022-01-31,2022-02-02
77,2021-04-22,2021-04-23,2021-04-24,2021-04-26
78,2020-01-12,2020-01-16,2020-01-23,2020-01-21
79,2023-05-03,2023-05-05,2023-05-05,2023-05-09
80,2020-01-04,2020-01-06,2020-01-07,2020-01-08
81,2021-03-01,2021-03-03,2021-03-05,2021-03-06
82,2022-01-12,,2022-01-14,2022-01-20
83,2023-02-25,2023-03-01,2023-03-03,2023-03-04
84,2023-12-13,2023-12-15,2023-12-17,2023-12-20
85,2020-03-13,2020-03-15,2020-03-15,2020-03-15
86,2021-01-07,2021-01-08,2021-01-10,2021-01-17
87,2020-05-15,2020-05-19,2020-05-21,2020-05-29
88,2023-01-12,2023-01-12,2023-01-14,2023-01-20
89,2020-08-02,2020-08-06,2020-08-07,2020-08-08
90,2023-01-22,2023-01-24,2023-01-25,2023-01-30
91,2021-02-25,2021-02-28,2021-03-02,2021-03-09
92,2021-10-29,2021-11-02,2021-11-04,2021-11-07
93,2021-08-06,2021-08-07,2021-08-09,2021-08-11
94,2022-01-28,2022-01-30,2022-01-30,2022-02-03
95,2021-11-10,2021-11-14,2021-11-14,2021-11-22
96,2020-04-17,2020-04-18,2020-04-20,2020-04-22
97,2020-09-29,,2020-10-01,2020-10-08
98,2023-01-18,2023-01-22,2023-01-24,2023-01-28
99,2021-05-07,2021-05-10,2021-05-10,2021-05-13
100,2022-08-31,2022-08-31,2022-09-02,2022-09-09
101,2020-08-14,2020-08-17,2020-08-19,2020-08-25
102,2021-10-13,2021-10-15,2021-10-16,2021-10-18
103,2020-12-30,2021-01-02,2021-01-03,2021-01-28
104,2023-06-22,2023-06-26,2023-06-27,2023-06-28
105,2020-04-26,2020-04-28,2020-04-30,2020-05-03
106,2021-07-14,2021-07-15,2021-07-16,2021-07-18
107,2022-01-31,2022-02-03,2022-02-05,2022-02-12
108,2023-01-23,2023-01-25,2023-01-26,2023-02-14
109,2020-07-24,2020-07-26,2020-07-27,2020-08-02
110,2022-03-15,2022-03-13,2022-03-14,2022-03-17
111,2023-11-22,2023-11-22,2023-11-24,2023-12-01
112,2021-07-09,2021-07-12,2021-07-14,2021-07-16
113,2023-01-21,2023-01-24,2023-01-24,2023-01-29
114,2020-12-13,2020-12-13,2020-12-15,2020-12-22
115,2021-03-07,2021-03-08,2021-03-08,2021-03-08
116,2023-04-24,2023-04-26,2023-04-26,2023-05-04
117,2022-07-05,2022-07-06,2022-07-08,2022-07-15
118,2020-09-02,2020-09-05,2020-09-05,2020-09-09
119,2023-08-28,2023-09-01,2023-09-02,2023-09-09
120,2021-12-10,2021-12-11,2021-12-13,2021-12-15
121,2023-09-08,2023-09-11,2023-09-12,2023-09-13
122,2022-03-22,2022-03-25,2022-03-25,2022-03-26
123,2020-10-05,2020-10-07,2020-10-07,2020-10-12
124,2023-03-07,2023-03-09,2023-03-11,2023-03-19
125,2023-05-30,2023-06-03,2023-06-03,2023-06-11
126,2022-09-11,2022-09-15,2022-09-15,2022-09-20
127,2021-03-23,2021-03-23,2021-03-24,2021-03-30
128,2020-05-02,2020-05-06,2020-05-07,2020-05-10
129,2021-05-07,2021-05-11,2021-05-13,2021-05-17
130,2023-10-16,2023-10-28,2023-10-20,2023-10-23
131,2023-06-09,2023-06-10,2023-06-12,2023-06-17
132,2021-04-17,2021-04-21,2021-04-23,2021-04-23
133,2022-05-22,2022-05-24,2022-05-26,2022-05-26
134,2022-11-22,2022-11-23,2022-11-23,2022-11-29
135,2021-08-10,2021-08-12,2021-08-13,2021-08-16
136,2020-08-22,2020-08-24,2020-08-26,2020-08-26
137,2023-01-21,2023-01-23,2023-01-25,2023-01-30
138,2020-06-23,2020-06-24,2020-06-24,2020-06-30
139,2023-03-15,2023-03-15,2023-03-17,2023-03-17
140,2023-04-25,2023-04-29,2023-04-30,2023-04-30
141,2020-01-26,2020-01-30,2020-01-30,2020-01-30
142,2022-08-25,2022-08-26,2022-08-28,2022-08-28
143,2021-02-15,2021-02-19,2021-02-19,2021-02-27
144,2023-09-10,2023-09-10,2023-09-12,2023-09-18
145,2021-03-20,2021-03-24,2021-03-26,2021-03-30
146,2023-02-25,2023-02-27,2023-03-01,2023-03-08
147,2022-04-18,,2022-04-21,2022-04-22
148,2022-11-17,2022-11-20,2022-11-22,2022-11-27
149,2023-11-10,2023-11-12,2023-11-12,2023-11-17
150,2020-08-23,2020-08-25,2020-08-25,2020-08-29
151,2021-06-11,2021-06-13,2021-06-15,2021-06-22
152,2022-04-18,2022-04-19,2022-04-19,2022-04-27
153,2020-06-09,2020-06-12,2020-06-13,2020-06-18
154,2021-06-29,2021-07-02,2021-07-02,2021-07-21
155,2023-10-31,2023-11-02,2023-11-04,2023-11-08
156,2020-11-15,2020-11-19,2020-11-21,2020-11-26
157,2021-02-23,2021-02-27,2021-03-01,2021-03-05
158,2020-11-11,2020-11-11,2020-11-12,2020-11-13
159,2023-09-01,2023-09-05,2023-09-05,2023-09-11
160,2023-08-26,2023-08-30,2023-08-30,2023-08-30
161,2020-06-18,2020-06-22,2020-06-23,2020-06-23
162,2022-04-08,2022-04-11,2022-04-13,2022-04-18
163,2020-11-29,2020-11-29,2020-11-30,2020-12-03
164,2021-08-15,2021-08-15,2021-08-17,2021-08-25
165,2020-01-14,2020-01-15,2020-01-16,2020-01-21
166,2020-10-15,2020-10-18,2020-10-20,2020-10-25
167,2021-05-30,2021-06-03,2021-06-05,2021-06-10
168,2023-09-22,2023-09-26,2023-09-27,2023-10-03
169,2023-04-25,2023-04-26,2023-04-27,2023-05-02
170,2023-10-10,2023-10-11,2023-10-12,2023-10-14
171,2021-09-24,2021-09-25,2021-09-26,2021-10-01
172,2020-06-09,2020-06-09,2020-06-10,2020-06-17
173,2021-03-20,2021-03-21,2021-03-21,2021-03-21
174,2022-03-11,2022-03-11,2022-03-12,2022-03-13
175,2023-04-27,2023-04-29,2023-04-29,2023-05-07
176,2022-10-06,2022-10-06,2022-10-06,2022-10-08
177,2020-05-24,2020-05-25,2020-05-27,2020-05-28
178,2022-05-14,2022-05-18,2022-05-18,2022-05-25
179,,2020-10-14,2020-10-16,2020-10-17
180,2023-09-06,2023-09-10,2023-09-12,2023-09-17
181,2020-12-14,2020-12-15,2020-12-17,2020-12-24
182,2021-02-09,2021-02-10,2021-02-11,2021-02-14
183,2021-11-06,2021-11-07,2021-11-07,2021-11-07
184,2023-09-12,2023-09-14,2023-09-15,2023-09-19
185,2021-08-06,2021-08-09,2021-08-11,2021-08-14
186,2023-07-25,2023-07-29,2023-07-30,2023-08-03
187,2021-01-04,2021-01-06,2021-01-08,2021-01-13
188,2022-01-14,2022-01-17,2022-01-17,2022-01-19
189,2023-04-27,2023-04-27,2023-04-29,2023-04-29
190,2020-03-29,2020-03-29,2020-03-31,2020-04-04
191,2022-12-22,2022-12-22,2022-12-23,2022-12-31
192,2021-07-18,2021-07-18,2021-07-19,2021-07-22
193,2023-08-18,2023-08-20,2023-08-21,2023-08-27
194,2021-08-26,2021-08-30,2021-08-30,2021-08-30
195,2022-05-10,2022-05-11,2022-05-12,2022-05-17
196,2022-04-29,2022-04-30,2022-04-30,2022-05-08
197,2022-09-01,2022-09-02,2022-09-03,2022-09-07
198,2021-07-05,2021-07-09,2021-07-11,2021-07-12
199,2023-09-02,2023-09-04,2023-09-04,2023-09-10
200,2022-10-11,2022-10-15,2022-10-15,2022-10-19
201,2023-01-19,2023-01-20,2023-01-21,2023-01-22
202,2022-09-25,2022-09-26,2022-10-10,2022-09-30
203,2023-12-10,2023-12-11,2023-12-11,2023-12-14
204,2022-04-22,2022-04-23,2022-04-25,2022-04-30
205,2023-01-17,2023-01-18,2023-01-18,2023-01-24
206,2021-09-08,2021-09-09,2021-09-09,2021-09-17
207,2023-05-08,2023-05-09,2023-05-09,2023-05-09
208,2023-12-19,2023-12-21,2023-12-23,2023-12-23
209,2020-02-14,2020-02-16,2020-02-17,2020-02-19
210,2021-05-03,2021-05-07,2021-05-07,2021-05-15
211,2020-04-26,2020-04-26,2020-04-26,2020-05-03
212,2020-10-03,2020-10-03,2020-10-05,2020-10-13
213,2022-07-14,2022-07-18,2022-07-20,2022-07-20
214,2022-04-02,2022-04-02,2022-04-02,2022-04-02
215,2022-11-14,2022-11-16,2022-11-16,2022-11-17
216,2022-08-16,2022-08-19,2022-08-20,2022-08-26
217,2021-03-01,2021-03-05,2021-03-07,2021-03-14
218,,2022-02-13,2022-02-15,2022-02-16
219,2020-07-27,2020-07-27,2020-07-28,2020-08-02
220,2020-05-22,2020-05-26,2020-05-26,2020-06-02
221,2020-06-21,2020-06-24,2020-06-26,2020-07-03
222,2023-06-22,2023-06-26,2023-06-26,2023-06-28
223,2022-02-17,2022-02-20,2022-02-22,2022-02-26
224,2023-12-23,2023-12-24,2023-12-24,2023-12-29
225,2023-01-21,2023-01-25,2023-01-25,2023-01-31
226,2021-08-20,2021-08-22,2021-08-23,2021-08-27
227,2021-07-09,,2021-07-09,2021-07-09
228,2022-12-12,2022-12-13,2022-12-13,2022-12-18
229,2022-09-12,2022-09-14,2022-09-14,2022-09-16
230,2023-03-16,2023-03-20,2023-03-20,2023-03-26
231,2023-07-29,2023-07-31,2023-07-31,2023-08-07
232,2020-08-12,,2020-08-14,2020-08-19
233,2021-11-07,2021-11-08,2021-11-09,2021-11-17
234,2020-09-05,2020-09-06,2020-09-06,2020-09-08
235,2020-05-04,2020-05-06,2020-05-08,2020-05-10
236,2022-03-14,2022-03-15,2022-03-17,2022-03-17
237,2021-04-06,2021-04-08,2021-04-08,2021-04-09
238,2022-08-01,2022-08-02,2022-08-02,2022-08-07
239,2022-05-15,2022-05-18,2022-05-20,2022-05-22
240,2020-03-01,2020-03-05,2020-03-05,2020-03-06
241,2021-07-23,2021-07-27,2021-07-28,2021-08-01
242,2021-12-07,2021-12-10,2021-12-11,2021-12-18
243,2020-11-07,2020-11-09,2020-11-10,
244,2023-07-24,2023-07-28,2023-07-28,2023-07-30
245,2023-03-04,2023-03-04,2023-03-04,2023-03-04
246,2021-08-23,2021-08-25,2021-08-25,2021-08-26
247,,2022-04-18,2022-04-18,2022-04-26
248,2021-08-25,2021-08-27,2021-08-28,2021-08-31
249,2022-10-24,2022-10-27,2022-10-29,2022-11-03
250,2020-02-17,2020-02-18,2020-02-18,2020-02-21
251,2020-01-08,2020-01-10,2020-01-12,2020-01-16
252,2022-09-10,2022-09-12,2022-09-14,2022-09-14
253,2021-04-07,2021-04-07,2021-04-09,2021-04-17
254,2021-03-20,2021-03-20,2021-03-21,2021-03-24
255,2021-02-11,2021-02-11,2021-02-11,2021-02-16
256,2022-04-15,2022-04-18,2022-04-20,2022-04-21
257,2021-05-20,2021-05-22,2021-05-22,2021-05-23
258,2021-06-06,2021-06-10,2021-06-12,2021-06-19
259,2022-11-23,2022-11-23,2022-11-24,2022-12-02
260,2021-02-02,2021-02-02,2021-02-04,2021-02-05
261,2022-05-24,2022-05-24,2022-05-25,2022-06-02
262,2023-07-10,2023-07-14,2023-07-14,2023-07-18
263,2023-01-04,2023-01-04,2023-01-05,2023-01-09
264,2022-11-29,2022-11-29,2022-11-30,2022-12-08
265,2022-11-27,2022-12-01,,2022-12-05
266,2020-06-22,2020-06-23,2020-06-23,2020-06-30
267,2022-03-27,2022-03-29,2022-03-29,2022-04-06
268,2023-10-24,2023-10-28,2023-10-30,2023-11-06
269,2022-07-08,2022-07-11,2022-07-13,2022-07-15
270,2020-11-02,2020-11-03,2020-11-05,2020-11-12
271,2020-07-15,2020-07-17,2020-07-19,2020-07-26
272,2022-10-28,2022-11-01,2022-11-03,2022-11-09
273,2023-11-08,2023-11-08,2023-11-10,2023-11-12
274,2021-01-29,2021-01-30,2021-01-31,2021-02-07
275,2023-11-21,2023-11-23,2023-11-25,2023-11-26
276,2021-02-28,2021-02-28,2021-03-01,2021-03-09
277,2023-08-15,2023-08-18,2023-08-18,2023-08-25
278,2023-01-05,2023-01-09,2023-01-11,2023-01-11
279,2021-05-26,2021-05-29,2021-05-29,2021-06-03
280,2020-12-22,2020-12-25,2020-12-26,2020-12-30
281,2021-06-06,2021-06-10,2021-06-11,
282,2023-08-19,2023-08-20,2023-08-21,2023-08-26
283,2020-10-08,2020-10-10,2020-10-10,2020-10-11
284,2022-03-18,2022-03-19,2022-03-21,2022-03-29
285,2020-02-27,2020-02-27,2020-02-28,2020-03-01
286,2023-02-07,2023-02-28,2023-02-11,2023-02-11
287,2020-06-27,2020-06-30,2020-07-01,2020-07-06
288,2022-11-10,2022-11-13,2022-11-15,2022-11-19
289,2020-06-29,2020-06-30,2020-06-30,2020-06-30
290,2022-02-23,,2022-03-17,2022-03-04
291,2021-01-18,2021-01-22,2021-01-23,2021-01-23
292,2020-12-19,2020-12-22,2020-12-22,2020-12-27
293,2023-10-23,2023-10-27,2023-10-27,2023-10-28
294,2020-08-13,2020-08-13,2020-08-15,2020-08-21
295,2021-01-07,2021-01-07,2021-01-08,2021-01-14
296,2022-08-22,2022-08-24,2022-08-26,2022-09-03
297,2022-07-11,2022-07-12,2022-07-14,2022-07-21
298,2020-06-26,2020-06-26,2020-06-27,2020-07-04
299,2023-04-08,2023-04-10,2023-04-12,2023-04-19
300,2020-12-17,2020-12-18,2020-12-20,2020-12-24
301,2022-09-18,2022-09-21,2022-09-22,2022-10-04
302,2020-02-07,2020-02-11,2020-02-11,2020-02-14
303,2022-09-02,2022-09-04,2022-09-06,2022-09-09
304,2022-03-13,2022-03-13,2022-03-13,2022-03-19
305,2023-01-20,2023-01-22,2023-01-24,2023-01-30
306,2022-09-25,2022-09-29,2022-09-29,2022-10-01
307,2021-07-22,2021-07-23,2021-07-24,2021-07-31
308,2023-01-28,2023-01-30,2023-01-30,2023-02-03
309,2020-09-16,2020-09-20,2020-09-20,2020-09-24
310,2023-07-22,2023-07-25,2023-07-26,2023-07-27
311,2022-06-29,2022-07-02,2022-07-03,2022-07-08
312,2021-04-08,2021-04-09,2021-04-09,2021-04-16
313,2022-07-08,2022-07-08,2022-07-08,2022-07-10
314,2020-01-18,2020-01-19,2020-01-20,2020-01-26
315,2020-05-11,2020-05-12,2020-05-14,2020-05-22
316,2021-09-15,2021-09-18,2021-09-20,2021-09-26
317,2020-11-06,2020-11-09,2020-11-10,2020-11-14
318,2022-06-14,2022-06-18,2022-06-19,2022-06-21
319,2020-12-28,2021-01-01,2021-01-02,2021-01-03
320,2020-01-30,2020-01-30,2020-02-01,2020-02-02
321,2020-04-18,2020-04-19,2020-04-20,2020-04-26
322,2021-01-15,2021-01-18,2021-01-20,
323,2021-09-14,2021-09-17,2021-09-17,2021-09-17
324,2021-12-12,2021-12-12,2021-12-12,2021-12-12
325,2020-01-22,2020-01-24,2020-01-25,2020-01-29
326,2022-10-19,2022-10-19,2022-10-21,2022-10-23
327,2020-01-24,2020-01-25,2020-01-25,2020-02-02
328,2021-11-04,2021-11-08,2021-11-09,2021-11-16
329,2020-02-06,2020-02-08,2020-02-10,2020-02-16
330,2023-04-14,2023-04-16,2023-04-18,2023-04-22
331,2023-08-04,2023-08-04,2023-08-04,2023-08-11
332,2023-06-10,2023-06-14,2023-06-14,2023-06-22
333,2020-07-15,2020-07-15,2020-07-15,2020-07-17
334,2020-06-09,2020-06-09,2020-06-09,2020-06-13
335,2023-05-28,2023-05-30,2023-06-01,2023-06-08
336,2020-05-28,2020-05-31,2020-06-02,2020-06-04
337,2023-01-02,2023-01-06,2023-01-08,2023-01-14
338,2022-07-28,2022-08-01,2022-08-02,2022-08-10
339,2021-06-10,2021-06-12,2021-06-22,2021-06-19
340,2023-02-06,2023-02-10,2023-02-11,2023-02-11
341,2020-04-28,2020-04-28,2020-04-28,2020-04-30
342,2023-03-16,2023-03-18,2023-03-18,2023-03-20
343,2021-03-18,2021-03-21,2021-03-23,2021-03-30
344,2021-02-03,2021-02-03,2021-02-05,2021-02-05
345,2022-03-08,2022-03-12,2022-03-14,2022-03-22
346,2020-10-23,2020-10-23,2020-10-23,2020-10-23
347,2022-06-29,2022-07-03,2022-07-03,2022-07-07
348,2023-10-13,2023-10-17,2023-10-18,2023-10-20
349,2021-02-12,2021-02-19,2021-02-12,2021-02-18
350,2020-04-19,2020-04-19,2020-04-20,2020-04-24
351,2023-12-09,2023-12-09,2023-12-11,2023-12-11
352,2023-07-26,2023-07-28,2023-07-30,2023-07-31
353,2021-12-31,2022-01-03,2022-01-03,2022-01-10
354,2023-12-29,2023-12-31,2024-01-01,2024-01-08
355,2023-04-17,2023-04-18,2023-04-18,2023-04-20
356,2021-06-04,2021-06-04,2021-06-05,2021-06-09
357,2021-12-24,2021-12-27,2021-12-27,2021-12-29
358,2022-09-06,2022-09-09,2022-09-10,2022-09-17
359,2020-01-24,2020-01-24,2020-01-24,2020-01-26
360,2022-05-10,,2022-05-13,2022-05-16
361,2022-02-14,2022-02-18,2022-02-19,2022-02-24
362,2022-01-25,2022-01-25,2022-01-25,2022-01-26
363,2020-12-02,2020-12-06,2020-12-07,2020-12-13
364,2022-04-04,2022-04-05,2022-04-06,2022-04-09
365,2022-09-02,2022-09-05,2022-09-06,2022-09-08
366,2021-06-27,2021-06-29,2021-07-01,2021-07-09
367,2021-10-19,2021-10-23,2021-10-23,2021-10-27
368,2022-05-30,2022-06-01,2022-06-01,2022-06-06
369,2022-11-15,2022-11-16,2022-11-18,2022-11-26
370,2023-08-08,2023-08-09,2023-08-09,2023-08-12
371,2023-01-13,2023-01-13,2023-01-13,2023-01-17
372,2021-04-29,2021-05-03,2021-05-04,2021-05-06
373,2023-08-06,2023-08-08,2023-08-09,2023-08-10
374,2023-04-16,2023-04-20,2023-04-21,2023-04-21
375,2021-02-18,2021-02-20,2021-02-22,2021-02-27
376,2021-10-29,2021-10-30,2021-10-31,2021-11-08
377,2020-01-22,2020-01-23,2020-01-24,2020-01-25
378,2023-03-20,2023-03-22,2023-03-23,2023-03-24
379,2023-11-30,2023-12-03,2023-12-04,2023-12-10
380,2020-06-08,2020-06-09,2020-06-11,2020-06-15
381,2022-06-13,2022-06-14,2022-06-16,2022-06-17
382,2023-11-06,2023-11-06,2023-11-06,2023-11-07
383,2022-08-05,2022-08-09,2022-08-11,2022-08-19
384,2021-11-18,2021-11-19,2021-11-21,2021-11-24
385,2022-07-17,2022-07-17,2022-07-19,2022-07-24
386,2023-06-21,2023-06-25,2023-06-26,2023-06-28
387,2022-03-30,2022-03-30,2022-03-30,2022-04-01
388,2022-01-22,2022-01-26,2022-01-26,2022-01-29
389,2022-09-07,2022-09-07,2022-09-08,2022-09-16
390,2023-09-13,2023-09-16,2023-09-17,2023-09-17
391,2022-12-19,2022-12-22,2022-12-24,2023-01-01
392,2021-03-26,2021-03-27,2021-03-27,2021-04-02
393,2021-08-29,2021-09-01,2021-09-01,2021-09-05
394,2020-07-19,2020-07-22,,2020-07-30
395,2023-07-20,2023-07-23,2023-07-23,2023-07-24
396,2023-04-27,2023-04-29,2023-05-01,2023-05-08
397,2022-06-26,2022-06-26,2022-06-27,2022-07-01
398,2021-05-02,2021-05-02,2021-05-02,2021-05-05
399,2021-02-18,2021-02-21,2021-02-21,2021-03-01
400,2023-04-08,2023-04-10,2023-04-11,2023-04-12
401,2022-04-24,2022-04-25,2022-04-27,2022-04-27
402,2023-12-20,2023-12-22,2023-12-22,2023-12-30
403,2021-11-30,2021-11-30,2021-12-01,2021-12-09
404,2023-05-26,2023-05-27,2023-05-28,2023-05-29
405,2021-04-21,2021-04-23,2021-04-24,2021-04-28
406,2020-08-11,2020-08-15,,2020-08-16
407,2022-08-05,2022-08-09,2022-08-09,2022-08-15
408,2022-07-17,2022-07-19,2022-07-21,2022-07-21
409,2020-10-05,2020-10-07,2020-10-09,2020-10-13
410,2022-11-07,2022-11-11,2022-11-12,2022-11-18
411,2021-11-19,2021-11-23,2021-11-23,2021-11-23
412,2021-09-09,2021-09-12,2021-09-14,2021-09-18
413,2023-02-16,2023-02-17,2023-02-17,2023-02-25
414,2020-10-11,2020-10-15,2020-10-15,2020-11-04
415,2020-10-23,2020-10-24,2020-10-26,2020-10-26
416,2020-08-22,2020-08-22,2020-08-24,2020-08-28
417,2022-02-20,2022-02-20,2022-02-20,2022-02-27
418,2020-03-17,2020-03-17,2020-03-19,2020-03-24
419,2022-05-27,2022-05-31,2022-06-01,2022-06-05
420,2021-05-31,2021-06-04,2021-06-04,2021-06-04
421,2021-04-21,2021-04-21,2021-04-22,2021-04-30
422,2022-06-20,2022-06-23,2022-06-24,2022-06-24
423,2023-12-19,2023-12-19,2024-01-06,2023-12-25
424,2023-04-27,2023-04-30,2023-05-02,2023-05-07
425,2020-12-26,2020-12-26,2020-12-28,2021-01-03
426,2023-03-12,2023-03-15,2023-03-15,2023-03-23
427,2020-12-09,2020-12-09,2020-12-10,2020-12-11
428,2022-09-21,2022-09-24,2022-09-24,2022-10-02
429,2022-04-09,2022-04-10,2022-04-10,2022-04-14
430,2020-02-17,2020-02-17,2020-02-19,2020-02-19
431,2023-06-06,2023-06-06,2023-06-08,2023-06-12
432,2020-08-29,2020-08-30,2020-09-01,2020-09-08
433,2020-05-31,2020-06-02,2020-06-03,2020-06-05
434,2021-01-12,2021-01-12,2021-01-13,2021-01-21
435,2023-06-11,2023-06-12,2023-06-13,2023-06-21
436,2022-05-17,2022-05-20,2022-05-21,2022-05-26
437,2022-11-21,2022-11-24,2022-11-25,2022-11-28
438,2021-09-15,2021-09-17,2021-09-17,2021-09-23
439,2021-01-07,2021-01-09,2021-01-10,2021-01-14
440,2023-09-12,2023-09-16,2023-09-18,2023-09-24
441,2020-02-04,2020-02-04,2020-02-06,2020-02-07
442,2022-01-26,2022-01-27,2022-01-29,2022-02-03
443,2021-05-23,2021-05-23,2021-05-24,2021-05-30
444,2023-05-22,2023-05-24,2023-05-24,2023-05-28
445,2021-05-31,2021-05-31,2021-06-01,2021-06-05
446,2021-02-26,2021-02-27,2021-02-27,2021-03-01
447,2023-08-19,2023-08-22,2023-08-22,2023-08-28
448,2023-07-25,2023-07-26,2023-07-28,2023-08-03
449,2022-11-22,2022-12-07,2022-11-28,2022-11-30
450,2023-04-21,2023-04-21,2023-04-21,2023-04-26
451,2022-01-17,2022-01-17,2022-01-19,2022-01-20
452,2022-05-12,2022-05-12,2022-05-13,2022-05-18
453,,2022-09-05,2022-09-06,
454,2023-12-18,2023-12-20,2023-12-21,2023-12-29
455,2023-08-11,2023-08-14,2023-08-14,2023-08-22
456,2023-10-05,2023-10-08,2023-10-08,2023-10-13
457,2021-11-30,2021-12-03,2021-12-05,2021-12-11
458,2023-09-12,2023-09-12,2023-09-14,2023-09-20
459,2021-03-05,2021-03-07,2021-03-08,2021-03-11
460,2023-01-16,2023-01-20,2023-01-21,2023-01-28
461,2020-01-01,2020-01-03,2020-01-05,2020-01-13
462,2023-03-07,2023-03-07,2023-03-08,2023-03-13
463,2022-09-27,2022-09-29,2022-10-01,2022-10-07
464,2022-05-27,2022-05-27,2022-05-27,2022-06-02
465,2020-01-28,2020-01-28,2020-01-30,2020-02-01
466,2022-05-10,2022-05-12,2022-05-14,2022-05-15
467,,2023-01-08,2023-01-10,2023-01-11
468,2022-06-08,2022-06-12,2022-06-13,2022-06-14
469,2021-01-22,2021-01-25,2021-01-25,2021-01-27
470,2021-06-26,2021-06-26,2021-06-27,2021-07-01
471,2022-07-14,2022-07-16,2022-07-16,2022-07-22
472,2021-07-24,2021-07-25,2021-07-27,2021-07-29
473,2021-02-04,2021-02-08,2021-02-10,2021-02-17
474,2021-09-19,2021-09-19,2021-09-20,2021-09-20
475,2023-10-04,2023-10-07,,2023-10-16
476,2020-02-29,2020-02-29,2020-03-02,2020-03-07
477,2022-11-25,2022-11-28,2022-11-29,2022-12-04
478,2022-08-29,2022-09-01,2022-09-01,2022-09-01
479,2022-08-21,2022-08-24,2022-08-25,2022-09-01
480,2021-05-04,2021-05-04,2021-05-06,2021-05-11
481,2022-11-03,2022-11-07,2022-11-07,2022-11-09
482,2021-05-19,2021-05-23,2021-05-23,2021-05-23
483,2022-10-13,2022-10-17,2022-10-19,2022-10-20
484,2021-10-11,2021-10-13,2021-10-15,2021-10-17
485,2020-12-16,2020-12-16,2020-12-17,2020-12-22
486,2022-05-24,2022-05-24,2022-05-24,2022-05-31
487,2021-08-23,2021-08-27,2021-08-28,2021-09-01
488,2021-09-02,2021-09-04,2021-09-05,2021-09-09
489,2022-06-20,2022-06-23,2022-06-24,2022-06-29
490,2023-07-01,2023-07-05,2023-07-05,2023-07-12
491,2020-08-16,2020-08-20,2020-08-21,2020-08-27
492,2023-11-30,2023-12-13,2023-12-01,2023-12-03
493,2023-06-05,2023-06-08,2023-06-10,2023-06-18
494,2022-11-06,2022-11-06,2022-11-07,2022-11-08
495,2021-04-15,2021-04-16,2021-04-16,2021-04-17
496,2022-08-07,2022-08-07,2022-08-09,2022-08-15
497,2023-09-20,2023-09-21,2023-09-21,2023-09-26
498,2020-07-14,2020-07-14,2020-07-16,2020-07-20
499,2020-10-31,2020-10-31,2020-11-02,2020-11-03
500,2021-04-16,2021-04-16,2021-04-16,2021-04-20
501,2020-09-10,2020-09-14,2020-09-15,2020-09-20
502,2022-02-07,2022-02-10,2022-02-10,2022-02-17
503,2021-09-11,2021-09-15,2021-09-16,2021-09-20
504,2020-08-30,2020-09-03,2020-09-03,2020-09-09
505,2021-08-03,2021-08-03,2021-08-03,2021-08-11
506,2023-05-11,2023-05-11,2023-05-12,2023-05-13
507,2021-07-25,2021-07-25,2021-07-25,2021-07-31
508,2023-01-06,2023-01-09,2023-01-09,2023-01-16
509,2023-07-05,2023-07-07,2023-07-07,2023-07-15
510,2020-12-01,2020-12-02,2020-12-03,2020-12-10
511,2021-02-14,2021-02-14,2021-02-14,2021-02-16
512,2021-01-20,2021-01-23,2021-01-24,2021-01-29
513,2023-11-17,2023-11-17,2023-11-18,2023-11-18
514,2020-09-21,2020-09-21,2020-09-23,2020-09-26
515,2022-02-18,2022-02-21,2022-02-22,2022-02-23
516,2022-12-04,2022-12-06,2022-12-07,2022-12-12
517,2020-02-24,2020-02-27,2020-02-28,2020-03-05
518,2021-12-14,2021-12-16,2021-12-17,2021-12-24
519,2021-08-06,2021-08-06,,2021-08-12
520,2023-04-18,2023-04-19,2023-04-21,2023-04-24
521,2021-05-08,2021-05-08,2021-05-09,2021-05-15
522,2021-10-08,2021-10-08,2021-10-10,2021-10-13
523,2022-01-13,2022-01-13,2022-01-14,2022-01-16
524,2023-04-12,2023-04-14,2023-04-16,2023-04-22
525,2022-11-07,2022-11-11,2022-11-13,2022-11-20
526,2022-03-23,2022-03-23,2022-03-24,2022-03-31
527,2020-01-11,2020-01-15,2020-01-17,2020-01-25
528,2020-04-30,2020-05-02,2020-05-03,2020-05-03
529,2020-06-16,2020-06-16,2020-06-16,2020-06-22
530,2021-12-28,2021-12-28,2021-12-29,2022-01-06
531,2023-04-26,2023-04-30,2023-05-02,2023-05-04
532,2022-06-05,2022-06-09,2022-06-11,2022-06-18
533,2020-03-09,2020-03-09,2020-03-11,2020-03-19
534,2020-09-29,2020-10-02,2020-10-04,2020-10-12
535,2023-05-09,2023-05-09,2023-05-10,2023-05-13
536,2023-09-22,2023-09-25,2023-09-27,2023-09-29
537,2023-01-23,2023-01-25,2023-01-25,2023-01-27
538,2023-07-09,2023-07-12,2023-07-14,2023-07-18
539,2023-04-16,2023-04-20,2023-04-20,2023-04-21
540,2020-06-25,2020-06-26,2020-06-26,2020-06-27
541,2020-02-28,2020-02-28,2020-02-29,2020-02-29
542,2023-04-08,2023-04-08,2023-04-10,2023-04-11
543,2021-03-31,2021-04-02,2021-04-04,2021-04-06
544,2020-12-22,2020-12-23,2020-12-24,2020-12-24
545,2020-04-15,2020-04-15,2020-04-15,2020-04-15
546,2022-05-21,2022-05-25,2022-05-26,2022-05-26
547,2021-03-26,2021-03-27,2021-03-28,2021-04-01
548,2020-01-21,2020-01-24,2020-01-24,2020-02-04
549,2023-01-22,2023-01-17,2023-01-19,2023-01-26
550,2023-01-09,2023-01-09,2023-01-10,2023-01-15
551,2022-12-10,2022-12-12,2022-12-12,2022-12-13
552,2021-10-07,2021-10-07,2021-10-09,2021-10-12
553,2022-11-08,2022-11-10,2022-11-11,2022-11-18
554,2023-09-11,2023-09-15,2023-09-15,2023-09-22
555,2022-09-26,2022-09-30,2022-09-30,2022-10-03
556,2022-03-19,2022-03-21,2022-03-21,2022-03-22
557,2023-04-20,2023-04-24,2023-04-26,2023-04-27
558,2023-01-15,2023-01-17,2023-01-19,2023-01-20
559,2022-08-15,2022-08-16,2022-08-16,2022-08-21
560,2020-01-05,2020-01-05,2020-01-05,2020-01-11
561,2023-02-14,2023-02-15,2023-02-16,2023-02-21
562,2021-06-22,2021-06-25,2021-06-25,2021-07-01
563,2023-03-04,2023-03-04,2023-03-04,2023-03-04
564,2023-09-03,2023-09-04,2023-09-04,2023-09-05
565,2020-05-24,2020-05-25,2020-05-26,2020-06-01
566,2023-08-16,2023-08-17,2023-08-18,2023-08-24
567,2021-12-06,2021-12-07,2021-12-08,2021-12-11
568,2021-01-21,2021-01-21,2021-01-23,2021-01-27
569,2021-04-04,2021-04-06,2021-04-08,2021-04-08
570,2023-05-19,2023-05-22,2023-05-23,2023-05-28
571,2022-06-16,2022-06-20,2022-06-20,2022-06-21
572,2021-08-04,2021-08-04,2021-08-06,2021-08-14
573,2023-10-26,2023-10-30,2023-11-01,2023-11-01
574,2021-04-17,2021-04-21,2021-04-21,2021-04-24
575,2022-05-25,2022-05-26,2022-05-27,2022-05-29
576,2020-02-12,2020-02-13,2020-02-14,2020-02-22
577,2021-05-19,2021-05-19,2021-05-19,2021-05-20
578,2021-09-26,2021-09-26,2021-09-28,2021-10-02
579,2020-12-03,2020-12-04,2020-12-06,2020-12-07
580,2020-12-25,2020-12-27,2020-12-29,2021-01-03
581,2023-12-02,2023-12-05,2023-12-06,2023-12-14
582,2022-11-02,2022-11-02,2022-11-03,2022-11-06
583,2020-06-07,2020-06-09,2020-06-09,2020-06-17
584,2020-10-10,2020-10-12,2020-10-14,2020-10-22
585,2022-06-07,2022-06-07,2022-06-09,2022-06-10
586,2022-11-13,2022-11-16,2022-11-17,2022-11-20
587,2023-11-03,2023-11-05,2023-11-06,2023-11-13
588,2020-10-27,2020-10-27,2020-10-27,2020-11-04
589,2022-08-31,2022-09-04,2022-09-06,2022-09-06
590,2023-08-26,2023-08-28,2023-08-29,2023-09-05
591,2023-07-25,2023-07-29,2023-07-30,2023-08-03
592,2021-08-24,2021-08-25,2021-08-27,2021-08-31
593,2021-07-20,2021-07-20,2021-07-22,2021-07-26
594,2022-07-02,2022-07-05,2022-07-06,2022-07-14
595,2023-02-11,2023-02-11,2023-02-12,2023-02-13
596,2023-01-24,2023-01-26,2023-01-28,2023-02-01
597,2021-03-10,2021-03-12,2021-03-13,2021-03-15
598,2023-05-31,2023-06-02,2023-06-04,2023-06-09
599,2020-09-22,2020-09-24,2020-09-25,2020-09-27
600,2020-04-07,2020-04-08,2020-04-09,2020-04-13
601,2020-02-29,2020-03-01,2020-03-01,2020-03-06
602,2023-01-02,2023-01-02,2023-01-04,2023-01-04
603,2022-06-13,2022-06-13,2022-06-13,2022-06-17
604,2022-01-16,2022-01-17,2022-01-19,2022-01-19
605,2021-03-11,2021-03-11,2021-03-11,2021-03-14
606,2021-11-11,2021-11-11,2021-11-13,2021-11-18
607,2022-06-15,2022-06-17,2022-06-18,2022-06-20
608,2021-06-02,2021-06-03,2021-06-04,2021-06-08
609,2021-09-29,2021-09-29,2021-09-29,2021-10-01
610,2021-03-05,2021-03-07,2021-03-07,2021-03-08
611,2022-06-16,2022-06-19,2022-06-20,2022-06-26
612,2020-12-04,2020-12-06,2020-12-07,2020-12-09
613,2023-02-08,2023-02-11,2023-02-11,2023-02-18
614,2020-06-27,2020-06-29,2020-06-29,2020-06-30
615,2020-11-29,2020-12-01,2020-12-02,2020-12-04
616,2020-01-22,2020-01-24,2020-01-24,2020-01-27
617,2021-03-28,2021-04-01,2021-04-01,2021-04-02
618,2021-07-07,2021-07-07,2021-07-09,2021-07-12
619,2021-01-14,2021-01-14,2021-01-16,2021-01-19
620,2023-10-14,2023-10-16,2023-10-18,2023-10-20
621,2021-01-29,2021-01-30,2021-02-01,2021-02-09
622,2023-01-03,2023-01-03,2023-01-03,2023-01-11
623,2023-03-20,2023-03-22,2023-03-22,2023-03-24
624,2021-07-01,2021-07-04,2021-07-06,2021-07-07
625,2020-11-27,2020-11-27,2020-11-29,2020-11-29
626,2022-08-17,2022-09-07,,2022-08-22
627,2022-11-02,2022-11-04,2022-11-06,2022-11-09
628,2021-02-01,2021-02-05,2021-02-06,2021-02-14
629,2023-05-10,2023-04-22,2023-04-24,2023-04-27
630,2023-02-11,2023-02-11,2023-02-13,2023-02-16
631,2022-10-04,2022-10-08,2022-10-09,2022-10-17
632,2023-03-12,2023-03-14,2023-03-16,2023-03-20
633,2023-02-19,2023-02-22,2023-02-23,2023-02-28
634,2022-07-26,2022-07-28,2022-07-30,2022-08-03
635,2021-12-24,2021-12-26,2021-12-27,2022-01-02
636,2021-09-27,2021-09-27,2021-09-29,2021-10-03
637,2023-07-17,2023-07-20,2023-07-21,2023-07-22
638,2023-11-08,2023-11-10,2023-11-10,2023-11-13
639,2023-01-19,2023-01-22,2023-01-22,2023-01-26
640,2022-10-01,2022-10-05,2022-10-06,2022-10-11
641,2020-07-01,2020-07-04,2020-07-05,2020-07-08
642,2022-12-11,2022-12-15,2022-12-17,2022-12-18
643,2020-07-08,2020-07-09,2020-07-11,2020-07-12
644,2021-01-21,2021-01-21,2021-01-23,2021-01-29
645,2022-05-15,2022-05-15,2022-05-15,2022-05-19
646,2023-08-22,2023-08-24,2023-08-24,2023-08-27
647,2022-11-29,2022-12-03,2022-12-03,2022-12-07
648,2020-03-18,2020-03-22,2020-03-24,2020-03-24
649,2022-09-11,2022-09-15,2022-09-15,2022-09-17
650,2021-01-10,2021-01-13,2021-01-14,2021-01-14
651,2022-07-20,2022-07-24,2022-07-26,2022-08-02
652,2020-12-26,2020-12-29,2020-12-29,2020-12-31
653,2023-04-18,2023-04-21,2023-04-23,2023-05-01
654,2022-12-18,2022-12-19,2022-12-19,2022-12-24
655,2021-07-10,,2021-07-12,2021-07-15
656,2021-05-03,2021-05-05,2021-05-05,2021-05-06
657,2022-11-30,2022-11-30,2022-11-30,2022-12-07
658,2021-10-15,2021-10-17,2021-10-17,2021-10-18
659,2020-03-31,2020-03-31,2020-03-31,2020-04-08
660,2021-06-20,2021-06-21,2021-06-23,2021-06-23
661,2021-11-09,2021-11-11,2021-11-12,2021-11-19
662,2021-05-16,2021-05-19,2021-05-19,2021-05-25
663,2022-09-14,2022-09-17,2022-09-17,2022-09-22
664,2023-05-11,2023-05-12,2023-05-12,2023-05-12
665,2021-02-25,2021-02-27,2021-03-01,2021-03-05
666,2021-09-23,2021-09-27,2021-09-29,2021-10-02
667,2020-02-28,2020-03-02,2020-03-04,2020-03-04
668,2020-05-23,2020-05-24,2020-05-25,2020-05-28
669,2023-11-30,2023-11-30,2023-12-01,2023-12-03
670,2021-09-05,2021-09-07,2021-09-08,2021-09-16
671,2021-01-10,2021-01-13,2021-01-15,2021-01-16
672,2020-04-25,2020-04-27,2020-04-29,2020-05-04
673,2020-04-02,2020-04-02,2020-04-02,2020-04-08
674,2023-04-02,2023-04-04,2023-04-04,2023-04-06
675,2022-10-17,2022-10-21,2022-10-22,2022-10-22
676,2020-11-24,2020-11-24,2020-11-24,2020-11-30
677,2020-06-18,2020-06-22,2020-06-24,2020-06-27
678,2022-04-14,2022-04-14,2022-04-15,2022-04-17
679,2023-06-03,2023-06-07,2023-06-07,2023-06-11
680,2020-04-02,2020-04-02,2020-04-02,2020-04-05
681,2021-10-08,2021-10-10,2021-10-10,2021-10-12
682,2021-10-03,2021-10-03,2021-10-04,2021-10-07
683,2020-10-15,2020-10-19,2020-10-20,2020-10-25
684,2022-01-31,2022-02-01,2022-02-02,2022-02-06
685,2022-02-23,2022-02-24,2022-02-26,2022-03-03
686,2020-09-27,2020-09-30,2020-09-30,2020-09-30
687,2022-02-13,2022-02-13,2022-02-14,2022-02-18
688,2023-11-10,2023-11-10,2023-11-10,2023-11-13
689,2020-02-18,2020-02-20,2020-02-22,2020-02-26
690,2020-03-17,2020-03-21,2020-03-21,2020-03-25
691,2022-11-10,2022-11-12,2022-11-13,2022-11-16
692,2022-05-08,2022-05-12,,2022-05-20
693,2020-01-29,2020-01-30,2020-01-31,2020-02-04
694,2022-06-14,2022-06-18,2022-06-18,2022-06-21
695,2021-07-09,2021-07-12,2021-07-13,2021-07-17
696,2022-10-02,2022-10-04,2022-10-04,2022-10-06
697,2022-11-16,2022-11-16,2022-11-17,2022-11-21
698,2021-05-03,2021-05-07,2021-05-09,2021-05-15
699,2022-10-13,2022-10-17,2022-10-19,2022-10-23
700,2022-08-27,2022-08-31,2022-09-01,2022-09-02
701,2021-09-08,2021-09-08,2021-09-10,2021-09-11
702,2020-09-13,2020-09-17,2020-09-18,2020-09-23
703,2021-12-10,2021-12-14,2021-12-15,2021-12-19
704,2023-08-17,2023-08-17,2023-08-17,2023-08-24
705,2022-10-14,2022-10-14,2022-10-16,2022-10-16
706,2021-02-26,2021-02-27,2021-03-01,2021-03-03
707,2020-01-02,2020-01-06,2020-01-08,2020-01-13
708,2020-09-15,2020-09-18,2020-09-20,2020-09-20
709,2023-06-05,2023-06-09,2023-06-10,2023-06-14
710,2020-09-26,2020-09-28,2020-09-30,2020-10-03
711,2021-11-17,2021-11-17,2021-11-18,2021-11-20
712,2023-04-17,2023-04-19,2023-04-20,2023-04-21
713,2021-08-19,2021-08-22,2021-08-23,2021-08-26
714,2021-02-06,2021-02-07,2021-02-07,2021-02-13
715,2021-01-13,2021-01-16,2021-01-17,2021-01-22
716,2022-02-15,2022-02-16,2022-02-18,2022-02-18
717,2021-11-09,2021-11-09,2021-11-11,2021-11-14
718,2023-04-27,2023-05-01,2023-05-03,2023-05-10
719,2022-08-23,2022-08-27,2022-08-29,2022-09-01
720,2022-06-19,2022-06-20,2022-06-22,2022-06-25
721,2023-03-01,2023-03-05,2023-03-07,2023-03-07
722,2023-03-04,2023-03-07,2023-03-09,2023-03-09
723,2021-10-07,2021-10-08,2021-10-08,2021-10-08
724,2023-10-29,2023-10-30,2023-10-31,2023-11-03
725,2020-06-15,2020-06-17,2020-06-18,2020-06-21
726,2020-11-24,2020-11-27,2020-11-29,2020-12-07
727,2021-08-16,2021-08-16,2021-08-17,2021-08-25
728,2020-01-22,2020-01-24,2020-01-24,2020-01-31
729,2020-03-24,2020-03-27,2020-03-27,2020-04-03
730,2021-11-01,2021-11-03,2021-11-03,2021-11-04
731,2020-09-24,2020-09-26,2020-09-26,2020-10-02
732,2023-05-21,2023-05-23,2023-05-23,2023-05-27
733,2021-04-10,2021-04-10,2021-04-21,2021-04-16
734,2023-08-31,2023-09-02,2023-09-03,2023-09-04
735,2023-01-19,2023-01-21,2023-01-22,2023-01-23
736,2020-11-10,2020-11-13,2020-11-14,2020-11-17
737,2020-03-16,2020-03-17,2020-03-17,2020-03-17
738,2023-04-02,2023-04-06,2023-04-06,2023-04-11
739,2020-05-23,2020-05-26,2020-05-28,2020-06-03
740,2023-02-24,2023-02-27,2023-02-27,2023-03-05
741,2023-02-28,2023-02-28,2023-02-28,2023-02-28
742,2023-04-01,2023-04-01,2023-04-01,2023-04-06
743,2023-07-13,2023-07-13,2023-07-13,2023-07-16
744,2020-04-06,2020-04-09,2020-04-11,2020-04-19
745,2023-09-19,2023-09-23,2023-09-23,2023-09-26
746,2022-08-13,2022-08-16,2022-08-16,2022-08-22
747,2021-06-12,2021-06-13,2021-06-13,2021-06-14
748,2021-10-04,2021-09-28,2021-09-30,2021-10-01
749,2023-02-23,2023-02-26,2023-02-26,2023-02-26
750,2023-08-01,2023-08-20,2023-08-05,2023-08-10
751,2020-06-02,2020-06-05,2020-06-05,2020-06-11
752,2023-12-05,2023-12-06,2023-12-07,2023-12-11
753,2022-03-10,2022-03-14,2022-03-14,2022-03-22
754,2022-01-12,2022-01-13,2022-01-13,2022-01-15
755,2020-12-24,2020-12-24,2020-12-24,2020-12-29
756,2020-11-15,2020-11-15,2020-11-15,2020-11-22
757,2021-04-01,2021-04-02,2021-04-04,2021-04-23
758,2021-08-05,2021-08-09,2021-08-09,2021-08-17
759,2021-12-24,2021-12-27,2021-12-28,2022-01-03
760,2022-05-10,2022-05-10,2022-05-10,2022-05-10
761,2021-08-14,2021-08-17,2021-08-19,2021-08-21
762,2020-11-01,2020-11-03,2020-11-04,2020-11-08
763,2021-02-28,2021-03-01,2021-03-02,2021-03-09
764,2021-04-17,2021-04-20,2021-04-21,2021-04-25
765,2021-12-26,2021-12-29,2021-12-29,2021-12-30
766,2020-08-11,2020-08-15,2020-08-15,2020-08-22
767,2022-11-09,2022-11-11,2022-11-11,2022-11-18
768,2021-02-04,2021-02-04,2021-02-06,2021-02-08
769,2023-11-14,2023-11-16,2023-11-29,2023-11-16
770,2021-07-12,2021-07-16,2021-07-18,2021-07-22
771,2021-08-26,2021-08-26,2021-08-26,2021-09-03
772,2021-05-10,2021-05-12,2021-05-13,2021-05-15
773,2023-08-02,2023-08-03,2023-08-04,2023-08-10
774,2023-09-10,2023-09-11,2023-09-12,2023-09-13
775,2020-11-11,2020-11-11,2020-11-11,2020-11-18
776,2020-05-23,2020-05-26,2020-05-26,2020-06-03
777,2020-12-14,2020-12-15,2020-12-15,2020-12-21
778,2022-04-04,2022-04-07,2022-04-07,2022-04-14
779,2020-08-15,2020-08-15,2020-08-17,2020-08-19
780,2020-01-11,2020-01-12,2020-01-13,2020-01-17
781,2020-06-05,2020-06-09,2020-06-09,2020-06-14
782,2020-11-30,2020-12-01,2020-12-01,2020-12-05
783,2020-04-13,2020-04-14,2020-04-14,2020-04-14
784,2021-11-01,2021-11-04,2021-11-05,2021-11-05
785,2023-06-08,2023-06-11,2023-06-11,2023-06-17
786,2020-04-19,2020-04-21,2020-04-21,2020-04-24
787,2022-04-28,2022-04-28,2022-04-28,2022-04-30
788,2022-07-12,2022-07-15,2022-07-15,2022-07-15
789,2022-05-03,2022-05-03,2022-05-05,2022-05-11
790,2022-10-11,2022-10-15,2022-10-15,2022-10-21
791,2022-12-15,2022-12-15,2022-12-16,2022-12-18
792,2021-05-07,2021-05-11,2021-05-11,2021-05-19
793,2023-07-13,2023-07-17,2023-07-19,2023-07-21
794,2021-04-01,2021-04-01,2021-04-01,2021-04-03
795,2023-11-18,2023-11-18,2023-11-18,2023-11-18
796,2023-01-20,2023-01-20,2023-01-21,2023-01-28
797,2021-08-30,2021-08-30,2021-09-01,2021-09-02
798,2020-07-12,2020-07-15,2020-07-15,2020-07-18
799,2021-05-29,2021-05-31,2021-06-02,2021-06-08
800,2021-03-29,2021-04-02,2021-04-02,2021-04-08
801,2020-02-02,2020-02-03,2020-02-05,2020-02-12
802,2021-11-05,2021-11-05,2021-11-07,2021-11-09
803,2023-01-12,2023-01-12,2023-01-12,2023-01-18
804,2021-08-03,2021-08-04,2021-08-09,2021-08-05
805,2023-06-18,2023-06-18,2023-06-18,2023-06-23
806,2021-07-11,2021-07-11,2021-07-13,2021-07-16
807,2021-10-04,2021-10-05,2021-10-05,2021-10-13
808,2022-03-28,2022-03-30,2022-03-30,2022-03-31
809,2020-04-16,2020-04-16,2020-04-17,2020-04-21
810,2023-05-09,2023-05-10,2023-05-12,2023-05-15
811,2021-12-28,2021-12-31,2022-01-01,2022-01-07
812,2023-05-09,2023-05-09,2023-05-10,2023-05-12
813,2020-03-19,2020-03-20,2020-03-20,2020-03-25
814,2022-03-24,2022-03-25,2022-04-15,2022-04-01
815,2021-01-10,2021-01-13,2021-01-15,2021-01-21
816,2023-04-30,2023-05-04,2023-05-06,2023-05-14
817,2022-11-23,2022-11-26,2022-11-27,2022-12-05
818,2021-01-25,2021-01-28,2021-01-29,2021-01-31
819,2023-05-02,2023-05-02,2023-05-02,2023-05-02
820,2020-01-24,2020-01-24,2020-01-25,2020-01-26
821,2020-05-24,2020-05-26,,2020-06-02
822,2021-04-06,2021-04-09,2021-04-11,2021-04-13
823,2022-11-11,2022-11-14,2022-11-15,2022-11-22
824,2023-04-21,2023-04-21,2023-04-23,2023-04-27
825,2020-04-27,2020-04-27,2020-04-29,2020-05-03
826,2021-03-23,2021-03-23,2021-03-24,2021-03-25
827,2023-05-20,2023-05-22,2023-05-24,2023-05-27
828,2020-01-03,2020-01-04,2020-01-05,2020-01-09
829,2020-09-21,2020-09-21,2020-09-22,2020-09-23
830,2023-10-31,2023-10-31,2023-10-31,2023-11-02
831,2020-01-07,2020-01-08,2020-01-09,2020-01-10
832,2021-05-15,2021-05-18,2021-05-20,2021-05-24
833,2021-02-20,2021-02-22,2021-02-23,2021-02-23
834,2020-09-14,2020-09-18,2020-09-18,2020-09-18
835,2020-08-13,2020-08-13,2020-08-15,2020-08-23
836,2023-01-11,,2023-01-11,2023-01-17
837,2021-04-20,2021-04-24,2021-04-26,2021-04-27
838,2020-02-24,2020-02-24,2020-02-25,2020-03-04
839,2021-10-07,2021-10-09,2021-10-10,2021-10-11
840,2022-02-26,2022-03-01,2022-03-15,2022-03-03
841,2021-09-04,2021-09-05,2021-09-05,2021-09-07
842,2021-09-23,2021-09-23,2021-09-25,2021-09-29
843,2021-12-02,2021-12-06,2021-12-08,2021-12-15
844,2021-03-16,2021-03-19,2021-03-19,2021-03-24
845,2021-04-20,2021-04-22,2021-04-24,2021-04-28
846,2020-12-24,2020-12-25,2020-12-25,2020-12-29
847,2022-03-26,2022-03-28,2022-03-29,2022-03-30
848,2021-12-27,2021-12-31,2021-12-31,2022-01-03
849,2022-12-19,2022-12-20,2022-12-20,2022-12-21
850,2021-11-06,2021-11-09,2021-11-10,2021-11-11
851,2021-01-30,2021-01-30,2021-01-31,2021-02-04
852,2022-12-30,2022-12-31,2022-12-31,2023-01-03
853,2020-08-28,2020-09-01,2020-09-02,2020-09-03
854,2022-12-15,2022-12-15,2022-12-17,2022-12-19
855,2021-03-06,2021-03-10,2021-03-11,2021-03-18
856,2023-01-23,2023-01-25,2023-01-26,2023-01-31
857,2021-08-23,2021-08-27,2021-08-28,2021-08-30
858,2021-05-28,2021-05-30,2021-06-01,2021-06-02
859,2020-05-17,2020-05-20,2020-05-20,2020-05-23
860,2021-01-13,2021-01-15,2021-01-15,2021-01-21
861,2023-05-07,2023-05-08,2023-05-08,2023-05-11
862,2022-12-01,2022-12-04,2022-12-06,2022-12-13
863,2021-01-20,2021-01-20,2021-01-21,2021-01-22
864,2022-01-06,2022-01-08,2022-01-08,2022-01-15
865,2022-05-22,2022-05-16,2022-05-17,2022-05-18
866,2023-02-21,2023-02-16,2023-02-18,2023-02-26
867,2020-01-01,2020-01-01,2020-01-01,2020-01-07
868,2020-03-20,2020-03-23,2020-03-25,2020-04-01
869,2020-08-19,2020-08-19,2020-08-19,2020-08-22
870,2021-02-20,2021-02-20,2021-02-20,2021-02-28
871,2020-07-11,2020-07-06,2020-07-07,2020-07-14
872,2020-01-17,2020-01-17,2020-01-19,2020-01-20
873,2022-10-08,2022-10-10,2022-10-11,2022-10-19
874,2022-10-12,2022-10-16,2022-10-18,2022-10-23
875,2020-10-11,2020-10-14,2020-10-14,2020-10-21
876,2023-07-10,2023-07-13,2023-07-13,2023-07-13
877,2022-09-25,2022-09-29,2022-10-01,2022-10-04
878,2021-04-03,2021-04-05,2021-04-07,2021-04-14
879,2022-02-19,2022-02-20,2022-02-20,2022-02-24
880,2023-09-10,2023-09-10,2023-09-11,2023-09-14
881,2023-12-23,2023-12-26,2023-12-26,2023-12-31
882,2023-05-23,2023-05-26,2023-05-27,2023-05-29
883,2023-09-25,2023-09-25,2023-09-26,2023-09-30
884,2021-03-20,2021-03-22,2021-03-23,2021-03-27
885,2022-04-18,2022-04-22,2022-04-23,2022-04-27
886,2021-12-21,2021-12-24,2021-12-24,2021-12-27
887,2023-08-16,2023-08-19,2023-08-20,2023-08-21
888,2021-02-08,2021-02-08,2021-02-08,2021-02-10
889,2020-12-12,2020-12-14,2020-12-15,2020-12-19
890,2022-04-05,2022-04-07,2022-04-09,2022-04-17
891,2021-04-23,2021-04-27,2021-04-28,2021-05-02
892,2021-08-11,2021-07-31,2021-08-02,2021-08-03
893,2022-02-19,2022-02-22,2022-02-23,2022-03-03
894,2020-06-16,2020-06-19,2020-06-21,2020-06-24
895,2022-05-18,2022-05-19,2022-05-20,2022-05-23
896,2021-09-23,2021-09-23,2021-09-25,2021-09-25
897,2020-07-09,2020-07-12,2020-07-14,2020-07-17
898,2021-08-30,2021-09-01,2021-09-02,2021-09-12
899,2022-06-10,2022-06-11,2022-06-12,2022-06-19
900,2022-06-22,2022-06-24,2022-06-25,2022-06-27
901,2022-12-02,2022-12-06,2022-12-07,2022-12-14
902,2022-04-24,2022-04-24,2022-04-25,2022-04-30
903,2020-01-14,2020-01-18,2020-01-19,2020-01-21
904,2020-08-13,2020-08-16,2020-08-17,2020-08-23
905,2023-03-19,2023-03-22,2023-03-22,2023-03-29
906,2023-05-15,2023-05-17,2023-05-18,2023-05-26
907,2022-11-07,2022-11-08,2022-11-08,2022-11-12
908,2023-03-14,2023-03-14,2023-03-16,2023-03-20
909,2023-07-07,2023-07-05,2023-07-07,2023-07-09
910,2022-08-20,2022-08-20,2022-08-21,2022-08-27
911,2023-08-26,2023-08-29,2023-08-30,2023-09-04
912,2021-05-15,2021-05-17,2021-05-18,2021-05-23
913,2021-05-11,2021-05-13,2021-05-15,2021-05-22
914,2021-09-03,2021-09-03,2021-09-05,2021-09-06
915,2022-08-20,2022-08-21,2022-08-23,2022-08-28
916,2020-01-21,2020-01-24,2020-01-25,2020-01-29
917,2021-05-30,2021-06-03,2021-06-04,2021-06-09
918,2023-12-19,2023-12-23,2023-12-24,2023-12-24
919,2021-02-25,,2021-02-25,2021-02-27
920,2020-12-06,2020-12-06,2020-12-08,2020-12-12
921,2022-09-09,2022-09-10,2022-09-10,2022-09-11
922,2020-04-14,2020-04-11,2020-04-11,2020-04-19
923,2022-10-18,2022-10-18,2022-10-20,2022-10-23
924,2022-06-09,2022-06-13,2022-06-14,2022-06-22
925,2022-09-17,2022-09-19,2022-09-21,2022-09-28
926,2020-05-26,2020-05-26,2020-05-26,2020-05-27
927,2021-04-26,2021-04-27,2021-04-27,2021-05-05
928,2022-05-28,2022-05-29,2022-05-30,2022-06-03
929,2023-08-27,2023-08-28,2023-08-30,2023-09-07
930,2021-11-02,2021-11-03,2021-11-04,2021-11-07
931,2021-06-27,2021-06-30,2021-07-02,2021-07-02
932,2021-11-24,2021-11-25,2021-11-25,2021-12-02
933,2022-12-08,2022-12-10,2022-12-10,2022-12-14
934,2022-10-11,2022-10-12,2022-10-13,2022-10-31
935,2020-01-19,2020-01-22,2020-01-23,2020-01-24
936,2021-03-12,2021-03-13,2021-03-14,2021-03-22
937,2023-12-08,2023-12-08,2023-12-10,2023-12-12
938,2021-08-13,2021-08-17,2021-08-18,2021-08-24
939,2021-06-16,2021-06-20,2021-06-22,2021-06-26
940,2023-12-28,2023-12-30,2024-01-01,2024-01-05
941,2023-06-15,2023-06-16,2023-06-18,2023-06-26
942,2020-06-20,2020-06-22,2020-06-23,2020-06-24
943,2022-08-19,2022-08-20,2022-08-21,2022-08-23
944,2021-07-12,2021-07-14,2021-07-14,2021-07-18
945,2021-04-28,2021-04-29,2021-04-30,2021-05-01
946,2021-09-26,2021-09-28,2021-09-30,2021-10-01
947,2023-08-07,2023-08-08,2023-08-09,2023-08-14
948,2023-09-26,2023-09-30,2023-10-02,2023-10-06
949,2023-07-14,2023-07-16,2023-07-16,2023-07-18
950,2021-04-27,2021-05-01,2021-05-01,2021-05-03
951,2022-10-12,2022-10-16,2022-10-17,2022-10-23
952,2022-07-08,2022-07-11,2022-07-13,2022-07-18
953,2021-11-25,2021-11-25,2021-11-27,2021-12-05
954,2022-10-20,2022-10-20,2022-10-21,2022-10-22
955,2023-10-18,2023-10-18,2023-10-18,2023-10-24
956,2021-11-12,2021-11-12,2021-11-12,2021-11-19
957,2021-03-30,2021-04-03,2021-04-04,2021-04-08
958,2020-09-28,2020-09-28,2020-09-29,2020-10-07
959,2021-04-11,2021-04-12,2021-04-14,2021-04-16
960,,2023-01-21,2023-01-21,2023-01-28
961,2022-06-03,2022-06-03,2022-06-05,2022-06-08
962,2021-10-07,2021-09-21,2021-09-21,2021-09-26
963,2020-12-07,2020-12-08,2020-12-08,2020-12-16
964,2021-09-29,2021-10-03,2021-10-03,2021-10-05
965,2022-06-23,2022-06-27,2022-06-28,2022-07-05
966,2022-03-29,2022-03-31,2022-04-01,2022-04-08
967,2020-01-24,2020-01-24,2020-01-25,2020-01-27
968,2020-09-19,2020-09-22,2020-09-23,2020-09-27
969,2020-12-28,2020-12-29,2020-12-31,2021-01-04
970,2022-10-04,2022-10-04,2022-10-06,2022-10-09
971,2021-04-05,2021-04-08,2021-04-10,2021-04-12
972,2020-06-17,2020-06-18,2020-06-20,2020-06-23
973,2022-08-06,2022-08-06,2022-08-08,2022-08-15
974,2020-06-24,2020-06-25,2020-06-26,2020-06-27
975,2023-01-25,2023-01-29,2023-01-29,2023-02-01
976,2020-01-07,2020-01-08,2020-01-08,2020-01-09
977,2022-06-13,2022-06-13,2022-06-15,2022-06-19
978,2020-12-19,2020-12-19,2020-12-20,2020-12-22
979,2020-08-31,2020-09-18,2020-09-03,2020-09-06
980,2020-04-18,2020-04-21,2020-04-21,2020-04-27
981,2022-08-17,2022-08-17,2022-08-19,2022-08-21
982,2023-05-26,2023-05-27,2023-05-29,2023-05-30
983,2023-07-14,2023-07-14,2023-07-16,2023-07-17
984,2020-10-29,2020-10-29,2020-10-31,2020-11-03
985,2022-10-01,2022-10-05,2022-10-07,2022-10-08
986,2022-05-19,2022-05-21,2022-05-21,2022-05-25
987,2023-11-05,2023-11-08,2023-11-09,2023-11-10
988,2020-04-01,2020-04-05,2020-04-07,2020-04-07
989,2023-04-09,2023-04-10,2023-04-12,2023-04-19
990,2021-10-02,2021-10-04,2021-10-06,2021-10-12
991,2020-03-11,2020-03-13,2020-03-14,2020-03-19
992,2020-10-22,2020-10-23,2020-10-23,2020-10-23
993,2021-08-18,2021-08-20,2021-08-21,2021-08-29
994,2021-02-24,2021-02-24,2021-02-25,2021-03-03
995,2023-08-05,2023-08-08,2023-08-09,2023-08-12
996,2023-05-23,2023-05-27,2023-05-28,2023-06-04
997,2023-11-11,2023-11-13,2023-11-14,2023-11-18
998,2022-08-01,2022-08-04,2022-08-06,2022-08-13
999,2023-04-12,2023-04-16,2023-04-16,2023-04-23
1000,2020-10-01,2020-10-05,2020-10-06,2020-10-06
